method,alpha,D_o,D_e,n_units,n_categories
Standard (Nominal),0.7633840585094902,566.3333333333327,2393.4707432045407,480,576
